n,geo,approach,name,keys,audience,angle,hook,hookRu,format,bridgeArticle,potential,potentialWhy,risk,metaFlag
1,DE,клон доказанного (шаблон «кредит пенсионеру» платит в 6 странах; крео — перевод победителей HU/ES/LT),кредиты · DE · угол «пенсия 60+»,Kredit für Rentner | Kredit mit Rente | Rentner Kredit | Kredit als Rentner,"пенсионеры 60–80 (в крео: фото 70+, «Rente»); таргет Meta 18–65+ — возраст настройкой не выбрать",До какого возраста в Германии реально дают кредит и сколько можно взять с пенсией в 2026,Mit 72 noch einen Kredit? Was Banken bei Rentnern wirklich prüfen – und was kaum jemand weiß.,В 72 ещё кредит? Что банки на самом деле проверяют у пенсионеров — и о чём почти никто не знает.,статика FB 1:1/4:5 (как доказанные HU/LT) + видео UGC 9:16 для TT,Kredit für Rentner 2026: Wie viel kann man mit Rente leihen? (черновик DE-rentnerkredit),высокий,"донор LT «Paskolos Vyresniems Nei 60» $0.297 на 211 кл.; немецкая статья-шаблон AT $0.372 (334 кл.), CH-de $2.43 (6 кл., 22–23.09); Planner 1 900/мес, +19%","немецкая AT-статья за 22–23.09 дала $0.196 на 8 кл. — выплата есть, но DE-клик исторически дорогой ($0.23–0.57)",
2,DE,"клон доказанного (тот же шаблон, другое обещание)",кредиты · DE · угол «пенсия и дорогая покупка»,Kredit mit Rente | Ratenkredit | Kleinkredit | Kredit für Rentner,"пенсионеры 63–78, которым нужна разовая крупная трата (зубы, слуховой аппарат, машина)","Как пенсионеру оплатить зубной протез или слуховой аппарат, если сбережений не хватает: кредит, рассрочка или касса","Neue Zähne für 6.000 €, aber nur 1.400 € Rente? So finanzieren Rentner 2026 den Zahnersatz – ohne das Sparbuch zu plündern.","Новые зубы за 6 000 €, а пенсия 1 400 €? Как пенсионеры в 2026 оплачивают протезы — не опустошая сберкнижку.",видео UGC 9:16 (бабушка у зеркала говорит в камеру) TT + FB,"Zahnersatz mit Rente finanzieren: Ratenkredit, Kasse oder Zahnarzt-Raten?",средний,"тот же донор 60+ ($0.297); «Ratenkredit» 4 400/мес, «Kleinkredit» 9 900/мес; класса нет","суммы на крео (6 000 € / 1 400 €) — цифры, при отклонении убрать первыми",
3,DE,"вариация связки коллег (DE savingsbuild, бид 0.7, крутят с мая) без бренда",кредиты · DE · угол «мини-кредит в телефоне»,Minikredit sofort | Kredit mit Sofortauszahlung | Online Kredit sofort | Ich Brauche Sofort Geld,"25–45, платят телефоном, нужна небольшая сумма","Как сейчас берут небольшую сумму прямо в телефоне: сам выбираешь сумму и срок, без визита в банк","Brauchen Sie Geld – aber keinen Banktermin? Betrag wählen, Laufzeit wählen: So funktionieren Mini-Kredite per App wirklich.","Нужны деньги, но не визит в банк? Выбрал сумму, выбрал срок: вот как на самом деле работают мини-кредиты в приложении.",видео UGC 9:16 (человек в трамвае с телефоном) TT + FB,Digitale Kleinkredite 2026: Wie Mini-Kredite per App funktionieren (статья A из de_loans_5angles),высокий,"донор HU «Gyorskölcsön Azonnal» $0.459; «Ich Brauche Sofort Geld» — класс «высокий» у других; Planner «minikredit sofort» 4 400/мес, +23%",без бренда клик может упасть; срок займа в статье не делать ≤90 дней,Meta: займы ≤90 дней запрещены — срок не обещать
4,DE,гипотеза (ключи с классом «высокий» у других; своей выплаты нет) — VISYMO,кредиты · DE · угол «кредитка на 5 000»,Kreditkarte mit Ratenzahlung 5.000 Euro | Online Kreditkarte Sofort | Beste Kreditkarte mit Ratenzahlung | Kreditkarte mit 5000 Verfügungsrahmen,"25–55, работают, нужен запас на карте (отпуск, машина)",Кому в Германии дают кредитку с лимитом 5 000 € и почему у двоих с одной картой лимит отличается в 10 раз,"Gleiche Bank, gleiche Karte: Er bekommt 500 € Limit, sie 5.000 €. Woran liegt das?","Тот же банк, та же карта: ему лимит 500 €, ей 5 000 €. В чём дело?",статика FB 4:5 + карусель «3 карты — 3 лимита»,Kreditkarte mit 5.000 € Limit: Wer sie bekommt und worauf Banken achten (черновик DE-kreditkarte-limit),высокий,"3 ключа — класс «высокий», 1 — «средний» (другие команды, DE); по словам владельца, в CH-связке коллег с этими ключами выплата ~$6 за клик","нашей выплаты по картам нет ни в одном гео; эти ключи — длинный хвост, Planner объёма не показывает",
5,DE,гипотеза (ключ класса «высокий» у других),кредиты · DE · угол «бесплатная кредитка — где подвох»,Kostenlose Kreditkarte | Kostenlose Kreditkarte Beantragen | Kreditkarte mit Ratenzahlung,"22–45, выбирают первую/новую кредитку",Почему «бесплатная» кредитка может стоить сотни евро в год: мелкий шрифт про рассрочку,Kostenlose Kreditkarte – und trotzdem 180 € Zinsen im Jahr? Der Haken steht im Kleingedruckten.,Бесплатная кредитка — и всё равно 180 € процентов в год? Подвох — в мелком шрифте.,видео UGC 9:16 (девушка разворачивает длинный чек) TT,Kostenlose Kreditkarte 2026: Wo die versteckten Kosten stecken,высокий,"«Kostenlose Kreditkarte Beantragen» — «высокий» (другие); Planner «kostenlose kreditkarte» 14 800/мес, «kreditkarte kostenlos» 22 200/мес","«kostenlos» на крео — Google RAF «Free or cash offers»; подача как разоблачение, при отклонении убрать слово",
6,DE,гипотеза — VISYMO (узнать выплату по ключам),кредиты · DE · угол «три рассрочки в одну» (Umschuldung),Kredit umschulden | Kredit für Umschuldung | Umschuldungskredit | Kredit für Verschuldete,"30–55, 2–4 кредита/рассрочки + овердрафт","Когда свести несколько рассрочек и овердрафт в одну плату реально дешевле, а когда нет","3 Raten, 3 Abbuchungstermine und dazu der Dispo? So zahlen viele Deutsche jeden Monat drauf – ohne es zu merken.","Три рассрочки, три даты списания, плюс овердрафт? Так многие немцы каждый месяц переплачивают — и не замечают.",видео UGC 9:16 (мужчина раскладывает 3 письма из банков) TT + статика FB,Kredite umschulden 2026: Wann sich eine Umschuldung wirklich lohnt,высокий,"«Kredit für Verschuldete» — «высокий» (другие); Planner «kredit umschulden» 6 600, «kredit für umschuldung» 6 600, «umschuldung» 3 600",долги — зона Personal hardship у Meta; своей выплаты нет,"Meta: Personal hardship — без «Schulden», «pleite»"
7,DE,угол первым,кредиты · DE · угол «Dispo съедает зарплату»,Dispokredit | Rahmenkredit | Kredit umschulden | Sparkasse Dispo erhöhen,"25–55, живут в минусе по счёту",Почему овердрафт — самый дорогой способ занять и чем его закрывают,Seit Monaten im Minus? Der Dispo ist oft teurer als jeder Ratenkredit – so rechnen Sie es in 2 Minuten nach.,Месяцами в минусе? Овердрафт часто дороже любого кредита в рассрочку — посчитайте за 2 минуты.,карусель FB «Dispo vs Ratenkredit vs Rahmenkredit» + видео TT,Dispo ablösen 2026: Rahmenkredit oder Ratenkredit – was ist günstiger?,средний,"паттерн «калькулятор» — наш самый дорогой (HU/PT $0.39–0.46); Planner «dispokredit» 5 400, «rahmenkredit» 2 400; класса нет",аудитория в минусе — Personal hardship у Meta,Meta: Personal hardship
8,DE,угол первым (самый большой объём в DE-кредитах),кредиты · DE · угол «кредит без SCHUFA — правда»,Kredit ohne Schufa | Sofortkredit ohne Schufa | Kleinkredit ohne Schufa | Kredit ohne Bonitätsprüfung,"25–55, плохая или пустая кредитная история","Кредит без SCHUFA: кто его реально выдаёт, откуда он берётся и чем за него платят",Kredit ohne Schufa – gibt es das wirklich? Welche Banken nicht bei der Schufa nachfragen und was es am Ende kostet.,Кредит без SCHUFA — это вообще бывает? Какие банки не запрашивают SCHUFA и сколько это стоит в итоге.,видео UGC 9:16 (разговор «на кухне» двух друзей) TT,"Kredit ohne Schufa 2026: Anbieter, Kosten, Risiken",средний,Planner «kredit ohne schufa» 49 500/мес — самый большой DE-кредитный ключ; донор паттерна RO «…Doar Cu Buletinul» $0.210; класса нет,"выплата неизвестна, а трафик «без проверки» часто дешёвый и нецелевой",Meta: высокий риск — обещание «без проверки»; только вопросом
9,DE,угол первым,кредиты · DE · угол «Beamte платят меньше»,Beamtenkredit | Kredit für Beamte | Kredit öffentlicher Dienst,"25–60, госслужащие, учителя, полиция",Почему банки дают госслужащим кредит дешевле и как этим пользоваться,"Lehrer, Polizisten, Beamte: Warum Banken Ihnen günstigere Kredite geben – und kaum jemand danach fragt.","Учителя, полицейские, госслужащие: почему банки дают вам кредиты дешевле — и почти никто об этом не спрашивает.",статика FB (учительница у доски) + видео TT,"Beamtenkredit 2026: Konditionen, Vorteile, Voraussetzungen",средний,"Planner «beamtenkredit» 1 600, «kredit für beamte» 880 (+22%); донор паттерна «кредит для группы» LT $0.297; класса нет",узкая аудитория — объём кликов может не набраться,
10,DE,угол первым (тренд),кредиты · DE · угол «студент — кредит без зарплаты»,Kredit für Studenten | Kredit für Azubis | Kredit in der Probezeit,"18–27, студенты и Azubi, первая работа",Можно ли студенту или ученику получить кредит без постоянного дохода — 3 законных пути,"Student, kein festes Einkommen – bekommt man trotzdem einen Kredit? 3 Wege, die Banken selten erwähnen.","Студент без постоянного дохода — дадут ли кредит? 3 пути, о которых банки редко говорят.",видео UGC 9:16 (студент в общежитии) TT,Kredit für Studenten und Azubis 2026: Was möglich ist,средний,"Planner «kredit für studenten» 2 900/мес, +175% за месяц; донор PL «Pierwszy Kredyt» — «средний» (другие)","молодая аудитория кликает дёшево, но выплата по студенческим ключам может быть низкой",
11,DE,угол первым,кредиты · DE · угол «самозанятым отказали»,Kredit für Selbstständige | Gründerkredit | Kredit für Existenzgründer | Kredit für Selbstständige ohne Schufa,"28–55, фрилансеры, ремесленники, водители на себя",Почему банк отказывает самозанятым и где им реально дают кредит в 2026,Selbstständig und von der Hausbank abgelehnt? So bekommen Freelancer 2026 trotzdem einen Kredit.,Самозанятый и свой банк отказал? Как фрилансеры в 2026 всё-таки получают кредит.,видео UGC 9:16 (мастер в фургоне) TT + FB,"Kredit für Selbstständige 2026: Voraussetzungen, Anbieter, Tipps",средний,"Planner «kredit für selbstständige» 2 400, «gründerkredit» 1 000; донор US «Business Line of Credit» — «средний» (другие)",смешение B2B и потребкредита — статья должна держать обе темы,
12,DE,угол первым,кредиты · DE · угол «новые в Германии — нет SCHUFA»,Kredit ohne Schufa | Girokonto ohne Schufa | Kreditkarte ohne Schufa | Kredit aus dem Ausland,"22–45, недавно переехавшие (ЕС и не только); язык крео — немецкий (язык таргета)",Почему новичку в Германии отказывают в кредите и как за полгода стать «кредитоспособным»,Neu in Deutschland und noch keine Schufa? Warum Banken Nein sagen – und wie Sie in 6 Monaten kreditwürdig werden.,Недавно в Германии и ещё нет SCHUFA? Почему банки отказывают — и как за 6 месяцев стать кредитоспособным.,видео UGC 9:16 (молодой человек с чемоданом у Bürgeramt) TT,"Ohne Schufa-Historie in Deutschland: Konto, Kreditkarte, erster Kredit",средний,"Planner «kredit ohne schufa» 49 500, «kreditkarte ohne schufa» 9 900, «girokonto ohne schufa» 1 600; класса нет",мигрантов настройкой не выбрать — аудитория только в крео; «ohne Schufa» — Meta-риск,Meta: высокий риск — «без проверки»
13,DE,угол первым,кредиты · DE · угол «авто: платёж-баллон»,Autokredit | Ballonfinanzierung | Autokredit mit Schlussrate | Autokredit Vergleich,"25–55, покупают машину в кредит",Что скрывает маленький ежемесячный платёж за машину: финальный «баллон» и как его считать,Neuwagen für 199 € im Monat? Die Schlussrate über 15.000 € sieht man erst am Ende.,Новая машина за 199 € в месяц? Финальный платёж на 15 000 € видно только в конце.,"видео UGC 9:16 (у салона, ключи в руке) TT + FB",Ballonfinanzierung 2026: Was die Schlussrate wirklich kostet,средний,"Planner «autokredit» 27 100, «autokredit vergleich» 6 600 (+22%), «ballonfinanzierung» 2 900 (+21%); донор FR «Voiture 99 € par mois» — «средний» (другие); в DE класса нет",цифры платежа на крео — при отклонении убрать первыми,
14,DE,угол первым (мост к товарке «теплонасосы»),кредиты · DE · угол «госкредит на отопление»,Modernisierungskredit | Renovierungskredit | Kredit 10000 Euro,"40–70, владельцы домов, старое отопление",Какие государственные и банковские кредиты есть на замену отопления и ремонт и сколько они стоят,"Heizung kaputt, Wärmepumpe zu teuer? Diesen staatlichen Förderkredit kennen die wenigsten Hausbesitzer.","Отопление сломалось, теплонасос слишком дорогой? Этот госкредит знают немногие владельцы домов.","статика FB (котельная, мужчина 55+) + видео TT",Modernisierungskredit 2026: KfW-Förderkredit oder Bankkredit für die Heizung?,средний,"Planner «modernisierungskredit» 5 400/мес (+23%), «renovierungskredit» 1 600; своей выплаты нет; KfW-кредит 358/359 до 120 000 € на жильё (по сниппету finanztip/priwatt)",«Förderkredit» может увести в госпрограммы с низкой выплатой,
15,DE,угол первым,кредиты · DE · угол «фиксация ставки заканчивается»,Anschlussfinanzierung | Baufinanzierungsrechner | Baufinanzierung | Immobilienkredit,"40–65, у кого ипотека с фиксацией до 2026–2027","Что делать, когда заканчивается фиксация ставки по ипотеке, и сколько можно сэкономить сравнением","Zinsbindung läuft aus? Wer jetzt nicht vergleicht, zahlt oft Tausende Euro mehr – so rechnen Sie es in 3 Minuten nach.",Фиксация ставки заканчивается? Кто сейчас не сравнит — часто переплатит тысячи евро. Посчитайте за 3 минуты.,карусель FB (3 банка — 3 ставки без цифр) + статика,"Anschlussfinanzierung 2026: Rechner, Fristen, Vergleich",высокий,"Planner «baufinanzierungsrechner» 33 100 (+22%), «baufinanzierung» 18 100 (+22%), «anschlussfinanzierung» 6 600 (+50%); паттерн «калькулятор» — наш самый дорогой (HU/PT $0.39–0.46)",ипотечные ключи у нас не измерены ни в одном гео — оценка только по паттерну,
16,DE,"ключ первым (паттерн «калькулятор», донор $0.459)",кредиты · DE · угол «один клиент — две цены»,Kredit 10000 Euro | Kreditvergleich | Privatkredit | Ratenkredit,"25–60, берут потребкредит 5–20 тыс. €",Почему за один и тот же кредит 10 000 € разные банки берут в 2–3 раза разные проценты,"10.000 € Kredit: Bei Bank A 1.100 € Zinsen, bei Bank B 2.900 € – für denselben Kunden. Wie kann das sein?","Кредит 10 000 €: в банке А 1 100 € процентов, в банке Б 2 900 € — для одного и того же клиента. Как так?",карусель FB «Bank A / Bank B» + видео TT,Kredit 10.000 Euro 2026: Was er wirklich kostet – Rechner und Vergleich,высокий,"донор HU «Mbh … Kalkulátor» $0.459, PT «Simulador» $0.390; Planner «kreditvergleich» 40 500, «privatkredit» 18 100, «kredit 10000 euro» 3 600",цифры процентов на крео — зона правил о кредитах; при отклонении — «Bank A zahlt doppelt so viel» без сумм,
17,DE,угол первым,кредиты · DE · угол «золото бабушки»,Pfandkredit | Kleinkredit | Kredit ohne Bonitätsprüfung,"45–75, есть украшения/часы, нужна небольшая сумма",Как работает кредит под залог вещи в ломбарде и сколько реально дают за золото,Omas Goldkette liegt im Schrank? Beim Pfandhaus gibt es dafür sofort Geld – ganz ohne Schufa-Abfrage. So funktioniert es.,Бабушкина золотая цепочка лежит в шкафу? В ломбарде за неё сразу дадут денег — без запроса в SCHUFA. Как это работает.,"видео UGC 9:16 (руки, шкатулка, весы) TT",Pfandkredit 2026: Wie viel Geld gibt es für Gold und Schmuck?,низкий,Planner «pfandkredit» 590 — мало; «kleinkredit» 9 900; класса нет,малый объём; «ohne Schufa» — Meta-риск,Meta: высокий риск — «без проверки»
18,DE,угол первым,кредиты · DE · угол «когда банк сказал нет — деньги от частных лиц»,P2P Kredite | Kredit aufnehmen | Privatkredit,"25–50, получили отказ банка",Как работают кредиты от частных лиц (P2P-платформы) и где там подвох,Die Bank sagt Nein? Warum sich Tausende Deutsche Geld von Privatleuten leihen – und worauf man achten muss.,Банк отказал? Почему тысячи немцев занимают у частных лиц — и на что смотреть.,видео UGC 9:16 TT,P2P-Kredite 2026: So funktioniert Geld leihen von Privat,низкий,"Planner «p2p kredite» 2 900 (+26%); класса нет, донора нет","нет ни донора, ни класса — чистая разведка",
19,DE,угол первым,кредиты · DE · угол «телефон в рассрочку — сколько в итоге»,Ratenzahlung | Kreditkarte mit Ratenzahlung | Kleinkredit,"18–35, покупают технику в рассрочку",Сколько на самом деле стоит смартфон в рассрочку и когда выгоднее мини-кредит,Neues Handy auf Raten: So viel zahlen Sie am Ende wirklich – der Vergleich überrascht.,Новый телефон в рассрочку: сколько вы заплатите в итоге — сравнение удивит.,видео UGC 9:16 (распаковка телефона + калькулятор) TT,Handy auf Raten oder Kleinkredit? Der ehrliche Kostenvergleich 2026,низкий,Planner «ratenzahlung» 4 400 (−18%); донор PL «Telewizor na Raty Bez Bik» — «средний» (другие); в DE класса нет,BNPL-тема без бренда слабее; ключ «ratenzahlung» размыт,
20,GB,клон доказанного (шаблон 60+ → британский продукт equity release),кредиты · UK · угол «деньги из своего дома после 60»,equity release | lifetime mortgage | equity release calculator | loans for over 60s,владельцы жилья 60–80 (в крео: пара 65+ у дома),"Сколько денег можно достать из стоимости своего дома после 55–60, не переезжая",Aged 60+ and own your home? Here's how much of it you could unlock in 2026 – without moving out.,Вам 60+ и дом ваш? Вот сколько из его стоимости можно получить в 2026 — не переезжая.,статика FB 4:5 (как доказанные пенсионные HU/LT) + видео UGC TT,Equity release in 2026: how much can you unlock and what it really costs,высокий,"Planner «equity release» 14 800, «equity release calculator» 5 400, «lifetime mortgage» 4 400; донор 60+ LT $0.297 + паттерн «калькулятор» HU/PT $0.39–0.46; класса нет",наши UK-кредиты (май/июль) дали $0.14–0.17 за клик при клике $0.21–0.32 — UK-клик дорогой,
21,GB,клон доказанного (шаблон «кредит пенсионеру»),кредиты · UK · угол «на пенсии — дадут ли заём»,loans for pensioners | loans for over 60s | personal loan | unsecured personal loan,пенсионеры 63–80,Дадут ли пенсионеру в Британии потребзаём и что на самом деле проверяют кредиторы,Retired at 67 – can you still get a personal loan? What UK lenders actually check (hint: it's not your age).,Вышли на пенсию в 67 — дадут ли ещё заём? Что британские кредиторы проверяют на самом деле (подсказка: не возраст).,статика FB 1:1 + видео UGC TT,Loans for pensioners UK 2026: how much you can borrow on a pension,средний,донор LT $0.297 (211 кл.); Planner по «loans for pensioners/over 60s» строк не вернул; «personal loan» 49 500,"в UK спрос 60+ уходит в equity release, а не в потребзаём — объём может не набраться",
22,GB,гипотеза — VISYMO en_GB (карточные ключи «средний» у других),кредиты · UK · угол «перенести долг на 0%»,balance transfer credit card | 0 interest credit cards | Apply for a Credit Card Online | credit card with instant use,"25–55, есть долг по кредитке","Как британцы перестают платить проценты по кредитке, перенося долг на карту с 0% — и в чём подвох",Still paying interest on your credit card? Thousands of Brits moved their balance to a 0% card – here's the catch nobody mentions.,"Всё ещё платите проценты по кредитке? Тысячи британцев перенесли долг на карту с 0% — вот подвох, о котором молчат.",видео UGC 9:16 TT + статика FB,Balance transfer cards 2026: how 0% deals work and the fees to watch,высокий,"Planner «balance transfer credit card» 49 500, «0 interest credit cards» 33 100; 4 карточных UK-ключа — «средний» у других",«0%» на крео — цифра стоимости кредита; держать как вопрос/разоблачение,
23,GB,гипотеза — VISYMO en_GB,"кредиты · UK · угол «карта, которой платишь в тот же день»",Credit Card with Instant Use | Credit Cards with Instant Use | instant credit card | Apply for a Credit Card Online,25–45,Как работают кредитки «instant use»: подал заявку утром — платишь телефоном к обеду,"Applied in the morning, paying with it by lunch: how 'instant use' credit cards actually work.",Подал заявку утром — платишь ей к обеду: как на самом деле работают кредитки с мгновенным использованием.,"видео UGC 9:16 (кофе, телефон, оплата) TT",Instant use credit cards UK 2026: how they work and who qualifies,средний,"3 ключа — «средний» у других (UK); Planner «instant credit card» 1 600, «credit card with instant use» 1 300",мелкий объём; «instant approval» нельзя — CONC 3.3.3R,Meta/FCA: не обещать одобрение
24,GB,угол первым,кредиты · UK · угол «кредитная история с нуля»,credit builder card | starter credit cards | student credit cards,"18–30, без кредитной истории","Как за полгода собрать кредитную историю с нуля, чтобы потом дали заём, телефон в контракт и квартиру","No credit history = no loan, no phone contract, no flat. The card UK banks use to build your score in 6 months.","Нет кредитной истории = ни займа, ни контракта на телефон, ни квартиры. Карта, которой британские банки строят вам рейтинг за 6 месяцев.",видео UGC 9:16 (молодой человек в съёмной комнате) TT,Credit builder cards 2026: how to build a credit score from zero,средний,"Planner «credit builder card» 12 100, «student credit cards» 4 400 (+50%), «starter credit cards» 1 600 (+30%); донор PL «Pierwszy Kredyt» — «средний» (другие)","молодые кликают дёшево, выплата по стартовым картам неизвестна",
25,GB,угол первым,кредиты · UK · угол «новые в UK»,credit builder card | Debit Card Account | overdraft | personal loan,"22–45, недавно переехавшие в UK (крео на английском)",Почему новичку в Британии отказывают в займе и какие 3 шага дают первый кредит,New to the UK? Why your bank says no – and 3 steps to get your first credit in 2026.,Недавно в UK? Почему банк отказывает — и 3 шага к первому кредиту в 2026.,видео UGC 9:16 (у окна с видом на Лондон) TT + FB,"New to the UK: bank account, credit history and your first loan",средний,"«Debit Card Account» — «средний» у других; Planner «credit builder card» 12 100, «overdraft» 6 600",аудиторию мигрантов настройкой не выбрать — только крео,
26,GB,угол первым,кредиты · UK · угол «4 счёта — один платёж»,debt consolidation loan | bill consolidation loan | consolidation loans | personal loan for debt consolidation,"30–55, несколько долгов/рассрочек","Когда объединение долгов в один заём экономит деньги, а когда делает хуже","4 bills, 4 due dates, 1 salary. Brits are merging them into one payment – when it saves money and when it doesn't.","4 счёта, 4 даты платежа, 1 зарплата. Британцы сводят их в один платёж — когда это экономит, а когда нет.",видео UGC 9:16 (4 конверта на столе) TT + статика FB,"Debt consolidation loans 2026: pros, cons and what it really costs",высокий,"Planner «debt consolidation loan» 33 100, «bill consolidation loan» 33 100, «debt consolidation» 14 800 (+50%); донор DE «Kredit für Verschuldete» — «высокий» (другие)",Personal hardship у Meta; своей выплаты нет,Meta: Personal hardship
27,GB,угол первым (новостной повод),кредиты · UK · угол «компенсация по автокредиту»,car finance claim | car finance | car loan,"25–65, брали машину в кредит в 2007–2024","Как проверить, положена ли компенсация по автокредиту 2007–2024 по схеме FCA",Had car finance between 2007 and 2024? The FCA says millions may be owed money – here's how to check.,Брали машину в кредит в 2007–2024? FCA говорит: миллионам могут быть должны — вот как проверить.,видео UGC 9:16 (мужчина у старой машины с письмом) TT + FB,Car finance compensation 2026: who qualifies under the FCA redress scheme,средний,"Planner «car finance claim» 27 100, «car finance» 90 500; FCA PS26/3 (30.03.2026): ~£7.5 млрд, в среднем £829 на договор (по сниппету); класса нет","Google RAF «Free or cash offers» — не обещать сумму; схема частично приостановлена Upper Tribunal; это не кредит, выплата может быть низкой",риск модерации: обещание денег
28,GB,угол первым,"кредиты · UK · угол «PCP, HP или заём — одна машина, разница £3 000»",car finance | car loan | car loan comparison | zuto car finance,"22–45, выбирают машину в кредит","Чем отличаются PCP, HP и потребзаём на машину и почему итоговая разница — тысячи фунтов","PCP, HP or a personal loan? Same car, same price – up to £3,000 difference by the end. Here's why.","PCP, HP или потребзаём? Та же машина, та же цена — до £3 000 разницы в конце. Вот почему.",карусель FB (3 карточки PCP/HP/Loan) + видео TT,PCP vs HP vs personal loan: the real cost of car finance in 2026,средний,"Planner «car finance» 90 500 (−18%), «car loan» 22 200, «car loan comparison» 4 400 (+22%); донор FR «voiture sans apport» — «средний» (другие)",сумма «£3 000» на крео — при отклонении убрать,
29,GB,угол первым (паттерн «калькулятор»),кредиты · UK · угол «фиксированная ставка заканчивается»,remortgage calculator | remortgage | remortgage deals | mortgage quotes,"35–60, у кого заканчивается фиксированная ставка","Что сделать за 3 месяца до конца фиксированной ставки, чтобы не перейти на дорогую SVR",Fixed rate ending this year? Don't let your lender roll you onto the SVR – what to do 3 months before.,Фиксированная ставка заканчивается в этом году? Не дайте банку перевести вас на SVR — что сделать за 3 месяца.,карусель FB + статика,"Remortgage in 2026: calculator, timing and how to avoid the SVR",высокий,"Planner «remortgage calculator» 22 200 (+23%), «mortgage quotes» 27 100 (+177%), «remortgage» 12 100 (+22%); паттерн «калькулятор» — наш самый дорогой",ипотека у нас не измерена — оценка по паттерну,
30,GB,угол первым,кредиты · UK · угол «котёл умер в октябре»,home improvement loan | home improvement financing | boiler finance | secured loan,"35–70, владельцы жилья",Как британские домовладельцы растягивают оплату нового котла/ремонта и какой вариант забывают,Boiler died in October? How UK homeowners spread the cost – and the option most people forget.,"Котёл умер в октябре? Как британцы растягивают оплату — и вариант, о котором забывают.","видео UGC 9:16 (холодная кухня, пар изо рта) TT + статика FB","Boiler and home improvement finance 2026: loans, 0% plans and grants",средний,"Planner «home improvement loan» 6 600, «home improvement financing» 6 600, «secured loan» 8 100; класса нет",сезонный угол — окно октябрь–январь,
31,GB,угол первым,кредиты · UK · угол «госзаём на свой бизнес»,start up loans | business loan | small business loans | loans for self employed,"21–50, хотят открыть дело / самозанятые",Государство даёт заём до £25 000 на старт бизнеса с фиксированной ставкой и ментором — мало кто знает,"The UK government lends up to £25,000 to start a business – fixed rate, plus a free mentor. Few people know it exists.",Правительство UK даёт до £25 000 на старт бизнеса — фиксированная ставка и бесплатный ментор. Мало кто знает.,видео UGC 9:16 (девушка открывает кофейню) TT + FB,Start Up Loans 2026: how the government-backed business loan works,средний,"Planner «start up loans» 5 400 (+84%), «business loan» 27 100, «small business loans» 6 600 (+50%); Start Up Loans £500–25 000, ставка 7.5% с 06.04.2026 (по сниппету british-business-bank)",госпрограмма может увести клики в госсайты с низкой выплатой,
32,GB,угол первым,кредиты · UK · угол «£1 000 без payday»,1000 loan | small loans | personal loan,22–45,"Где взять £1 000 дешевле, чем у payday-кредиторов: варианты, которые банки не рекламируют","Need £1,000 but scared of payday lenders? The cheaper options UK banks don't advertise.","Нужно £1 000, но страшно идти к payday-кредиторам? Более дешёвые варианты, которые банки не рекламируют.",видео UGC 9:16 TT,"Borrowing £1,000 in 2026: credit union, overdraft, personal loan compared",средний,"донор HU «Kis Összegű Kölcsön Azonnal» $0.386; Planner «small loans» 12 100, «1000 loan» 6 600",рядом со словом payday — Meta может счесть рекламой payday,Meta: payday/≤90 дней — не обещать срок
33,GB,угол первым,кредиты · UK · угол «золото в ломбард»,pawnbroker | small loans,40–75,Как работает ломбард в 2026 и сколько дают за золото — законно без проверки кредитной истории,"Grandma's gold ring could cover this month's bills – how pawnbrokers work in 2026 (no credit check, legally).","Бабушкино золотое кольцо может покрыть счета этого месяца — как работают ломбарды в 2026 (без проверки истории, законно).",видео UGC 9:16 TT,Pawnbroker loans 2026: how much you get for gold and what happens if you can’t repay,низкий,Planner «pawnbroker» 6 600 (+22%); класса нет; CONC 3.3.3R не применяется к ломбардным займам в пределах стоимости вещи (по сниппету FCA),«no credit check» на крео — Meta всё равно может отклонить,Meta: высокий риск — «без проверки»
34,GB,угол первым (тренд),кредиты · UK · угол «сколько на самом деле вернут студенты»,student loan | apply for a student loan | student credit cards,17–25 и их родители,Сколько реально выплачивают по студенческому займу первокурсники 2026 и что с ним будет,Student loan repayments changed – here's what 2026 starters will actually pay back (it's not what parents think).,"Правила выплаты студзайма изменились — вот сколько первокурсники 2026 реально вернут (не то, что думают родители).",видео UGC 9:16 TT,Student loans 2026: repayment rules explained,низкий,"Planner «student loan» 135 000 (+50%) — огромный объём, но это госпродукт; класса нет","госпродукт — выплата RSOC, скорее всего, низкая; Meta запрещает «misleading student loan consolidation/forgiveness»",Meta: осторожно — студзаймы
35,GB,угол первым,кредиты · UK · угол «нашли дом до продажи своего»,bridging loan | bridging loan calculator | secured loan calculator,"35–65, меняют жильё","Как работает бридж-кредит, когда новый дом нашёлся раньше, чем продан старый, и сколько он стоит в месяц",Found your dream home before selling yours? How a bridging loan works – and what it really costs per month.,"Нашли дом мечты раньше, чем продали свой? Как работает бридж-кредит — и сколько он стоит в месяц.",статика FB + видео TT,"Bridging loans 2026: calculator, costs and alternatives",средний,"Planner «bridging loan» 14 800, «bridging loan calculator» 3 600, «secured loan calculator» 1 900; паттерн «калькулятор»",узкая платёжеспособная аудитория — клик дорогой,
36,FR,клон доказанного (шаблон «кредит пенсионеру»),кредиты · FR · угол «retraité — до какого возраста дают»,prêt retraité | crédit senior | prêt personnel | prêt viager hypothécaire,пенсионеры 60–80,Есть ли во Франции возрастной предел для займа и что банки реально проверяют у пенсионеров,Existe-t-il un âge limite pour emprunter ? Ce que les banques vérifient vraiment chez les retraités en 2026.,Есть ли возрастной предел для займа? Что банки на самом деле проверяют у пенсионеров в 2026.,статика FB 1:1 (как доказанные HU/LT) + видео UGC TT,Prêt pour retraité en 2026 : jusqu’à quel âge et combien emprunter ?,средний,донор LT 60+ $0.297; шаблон платит в 6 странах; Planner по «prêt retraité/crédit senior» строк не вернул; «prêt personnel» 27 100,наши FR-кредиты (июнь) дали $0.09–0.21 за клик и −24% — FR-выплата по кредитам ниже DE,
37,FR,угол первым,"кредиты · FR · угол «заём, который вернут после вас»",prêt viager hypothécaire | prêt retraité | crédit senior,владельцы жилья 65–85,Как работает ипотечный заём «viager»: деньги из стоимости дома без ежемесячных платежей,Propriétaire et retraité ? Ce prêt se rembourse… après vous. Très peu de Français le connaissent.,Собственник и пенсионер? Этот заём возвращается… после вас. Очень немногие французы о нём знают.,статика FB (пара 75 лет в саду) + видео TT,"Prêt viager hypothécaire 2026 : fonctionnement, montants, pièges",низкий,Planner «pret viager hypothecaire» 2 400; класса нет,малый объём; продукт предлагают немногие банки,
38,FR,угол первым (крупнейший объём FR-кредитов),кредиты · FR · угол «одна мensualité вместо трёх»,rachat de crédit | regroupement de crédit | simulation rachat de crédit | rachat de credit meilleur taux,"30–60, 2–4 кредита","Сколько реально экономят французы, объединяя кредиты в один платёж, и когда это невыгодно","3 crédits, 3 prélèvements, un seul salaire. Combien économise-t-on vraiment en regroupant tout en une mensualité ?","3 кредита, 3 списания, одна зарплата. Сколько на самом деле экономят, сводя всё в один платёж?",видео UGC 9:16 (женщина с тремя письмами) TT + статика FB,"Rachat de crédit 2026 : simulation, économies réelles et pièges",высокий,"Planner «rachat de crédit» 40 500, «rachat de credit meilleur taux» 33 100, «regroupement de crédit» 14 800, «simulation…» 6 600; паттерн «калькулятор» — наш самый дорогой; класса нет",Personal hardship у Meta; в FR-крео про кредит — обязательная фраза L312-5,Meta: Personal hardship
39,FR,гипотеза (самый заработочный FR-кластер кредитов у других команд),кредиты · FR · угол «машина за 99 € в месяц без взноса»,Financement Voiture Sans Apport 2026 | Voiture 99 Euros par Mois Sans Apport 2026 | lld ou loa | crédit auto,"22–50, нужна машина, нет первого взноса",Что на самом деле скрывают предложения «машина за 99 € в месяц без взноса» и кому их дают,Une voiture neuve à 99 € par mois sans apport ? Voici ce que cachent vraiment ces offres LOA.,Новая машина за 99 € в месяц без взноса? Вот что на самом деле скрывают эти предложения LOA.,"видео UGC 9:16 (у дилера, ключи) TT + FB","Voiture sans apport en 2026 : LOA, LLD ou crédit auto – le vrai coût",высокий,"7 FR-ключей «voiture … sans apport / par mois» — «средний» у других команд (самый частый FR-кредитный кластер в компании); Planner «crédit auto» 27 100, «lld ou loa» 4 400 (+24%)",в FR наша выплата по кредитам исторически ≤$0.21,
40,FR,угол первым,кредиты · FR · угол «CAF даёт взаймы — мало кто просит»,prêt caf | prêt caf voiture | prêt personnel,"25–45, родители (в т.ч. одинокие), получатели семейных пособий","Какие займы даёт CAF семьям (на машину, ремонт, мебель) и как их попросить",Parent solo ? La CAF peut vous prêter de l'argent pour une voiture ou des travaux – presque personne ne le demande.,Одинокий родитель? CAF может дать взаймы на машину или ремонт — почти никто об этом не просит.,видео UGC 9:16 (мама с ребёнком у машины) TT + FB,"Prêts de la CAF en 2026 : voiture, travaux, équipement – qui y a droit ?",средний,"Planner «prêt caf» 8 100, «prêt caf voiture» 2 900; донор NL «Lenen als Alleenstaande» — «средний» (другие); займы CAF обычно 500–5 000 €, PAH — национальные правила (по сниппету caf.fr/aide-sociale)",госзаймы — выплата может быть низкой,
41,FR,угол первым,кредиты · FR · угол «до 50 000 € под 0% на ремонт»,éco prêt à taux zéro | prêt travaux | crédit travaux | prêt action logement,"35–70, владельцы жилья до 1990 г.",Эко-заём под 0% до 50 000 € на энергоремонт продлён до 2027 — но банки редко предлагают его сами,"Jusqu'à 50 000 € à taux zéro pour vos travaux : l'éco-PTZ est prolongé jusqu'en 2027, mais peu de banques le proposent d'elles-mêmes.","До 50 000 € под 0% на ремонт: эко-PTZ продлён до 2027, но банки редко предлагают его сами.","статика FB (дом, строительные леса) + видео TT","Éco-PTZ 2026 : conditions, montants, cumul avec MaPrimeRénov’",средний,"Planner «éco prêt à taux zéro» 22 200, «prêt travaux» 9 900, «prêt action logement» 6 600; класса нет; éco-PTZ до 50 000 €, продлён до 31.12.2027 (по сниппету)","«0%» — название госпродукта, но модерация может принять за обещание ставки",
42,FR,угол первым,кредиты · FR · угол «страховка займа — переплата»,assurance emprunteur | changement assurance emprunteur | assurance prêt immobilier comparatif,"30–55, выплачивают ипотеку","Со страховкой по ипотеке многие переплачивают: её можно сменить в любой момент, а до 200 000 € — без анкеты о здоровье",Vous remboursez un prêt immobilier ? Vous pouvez changer d'assurance à tout moment – et beaucoup paient encore trop.,Выплачиваете ипотеку? Страховку можно сменить в любой момент — а многие всё ещё переплачивают.,статика FB + видео TT,"Assurance emprunteur 2026 : changer, économiser, loi Lemoine",средний,"Planner «assurance emprunteur» 18 100, «assurance prêt immobilier comparatif» 3 600 (+26%); класса нет; loi Lemoine с 01.06.2022 (по сниппету)","это страхование, не кредит — соседняя вертикаль",
43,FR,угол первым (паттерн «калькулятор»),кредиты · FR · угол «сколько банк даст при зарплате 2 500 €»,taux crédit immobilier | prêt immobilier | simulation de credit immobilier,"28–45, покупают первое жильё",Сколько банки реально дают на жильё при зарплате 2 500 € в 2026,"Taux immobiliers 2026 : avec 2 500 € de salaire, voici combien les banques vous prêtent vraiment.",Ставки по ипотеке 2026: с зарплатой 2 500 € — вот сколько банки реально дают.,карусель FB (3 зарплаты — 3 суммы) + статика,"Capacité d’emprunt 2026 : combien emprunter avec 2 000, 2 500 ou 3 000 € ?",высокий,"Planner «taux crédit immobilier» 74 000 (+22%), «prêt immobilier» 49 500 (+22%), «simulation de credit immobilier» 4 400 (+24%); паттерн «калькулятор» — наш самый дорогой",ипотека у нас не измерена — оценка по паттерну,
44,FR,угол первым,кредиты · FR · угол «3 000 € до конца месяца — что быстрее»,crédit rapide en ligne | crédit rapide | prêt personnel en ligne | demande de crédit en ligne,25–50,"Что быстрее и дешевле, если деньги нужны в этом месяце: кредитная линия, потребзаём или овердрафт","Besoin de 3 000 € avant la fin du mois ? Crédit renouvelable, prêt perso ou découvert : lequel arrive le plus vite – et coûte le moins ?","Нужно 3 000 € до конца месяца? Кредитная линия, потребзаём или овердрафт: что придёт быстрее — и обойдётся дешевле?",видео UGC 9:16 TT + карусель FB,Crédit rapide 2026 : délais réels et coût des solutions,средний,"донор HU «Gyorskölcsön Azonnal» $0.459; Planner «crédit rapide en ligne» 12 100, «crédit rapide» 9 900; но FR «Mini Pret Instantané» у других — «низкий»",в FR «быстрые» ключи у других платят низко; обязательная фраза L312-5,
45,FR,гипотеза (3 ключа «средний» у других),"кредиты · FR · угол «банк отказал, онлайн-банк — нет»",Je Suis a la Recherche D un Pret | Crédit Bancaire | Banque en Ligne Credit | prêt personnel,25–55,"Почему с одним и тем же досье традиционный банк отказывает, а онлайн-банк одобряет","Même dossier, deux réponses : la banque traditionnelle refuse, la banque en ligne dit oui. Pourquoi ?","Одно досье — два ответа: обычный банк отказывает, онлайн-банк говорит «да». Почему?",видео UGC 9:16 (два письма: «refus» и «accord») TT + FB,Prêt personnel : banque traditionnelle ou banque en ligne en 2026 ?,средний,"3 ключа — «средний» у других команд (FR); Planner «prêt personnel» 27 100, «crédit conso» 60 500",«dit oui» — близко к обещанию одобрения; при отклонении заменить на «répond différemment»,Meta: риск — намёк на одобрение
46,FR,угол первым,кредиты · FR · угол «RIB за 5 минут»,Ouvrir un Compte en Ligne Avec Rib Immédiat | Ouvrir un Compte en Ligne en 5 Minutes | ouvrir compte bancaire en ligne sans justificatif | découvert autorisé,"18–40, студенты, недавно переехавшие, после отказа банка",Какие онлайн-банки открывают счёт с французским RIB за 5 минут с телефона и кому дают овердрафт,Un RIB français en 5 minutes depuis votre téléphone : quelles banques en ligne l’acceptent vraiment en 2026 ?,Французский RIB за 5 минут с телефона: какие онлайн-банки реально это делают в 2026?,видео UGC 9:16 (селфи с паспортом на телефоне) TT,"Ouvrir un compte en ligne en 2026 : RIB immédiat, conditions, découvert",средний,2 ключа — «средний» у других (FR); донор PL «Konto Bankowe Online na Dowód» — «высокий» (другие); Planner «ouvrir compte bancaire en ligne sans justificatif» 2 900,"это счёт, не кредит; «sans justificatif» на крео не писать",Meta: риск — «без документов»
47,FR,угол первым,кредиты · FR · угол «государство — ваш поручитель»,prêt étudiant | credit etudiant | pret etudiant credit agricole,18–25 и родители,Студенческий заём до 20 000 € без поручителя: государство гарантирует 70% — мало кто пользуется,"Étudiant sans caution ? L'État peut se porter garant de votre prêt – jusqu'à 20 000 €, sans justifier de revenus.","Студент без поручителя? Государство может стать гарантом по вашему займу — до 20 000 €, без подтверждения доходов.",видео UGC 9:16 (студентка в библиотеке) TT,Prêt étudiant garanti par l’État 2026 : conditions et banques,средний,"Planner «pret etudiant» 14 800, «pret etudiant credit agricole» 4 400; гарантия Bpifrance 70%, до 20 000 € (по сниппету bpifrance/etudiant.gouv); класса нет","«sans justifier de revenus» — формулировка программы, но L312-10 рядом; при отклонении убрать",
48,FR,угол первым,кредиты · FR · угол «auto-entrepreneur и отказ»,prêt auto entrepreneur | prêt personnel | crédit conso,"25–55, самозанятые",Что кредиторы на самом деле смотрят в декларациях URSSAF самозанятого и как не получить отказ,Auto-entrepreneur et refusé par la banque ? Ce que les prêteurs regardent vraiment dans vos déclarations URSSAF.,Самозанятый и банк отказал? Что кредиторы на самом деле смотрят в ваших декларациях URSSAF.,видео UGC 9:16 TT,Prêt pour auto-entrepreneur 2026 : conditions et alternatives,низкий,Planner «prêt auto entrepreneur» 590 — мало; донор US «Business Line of Credit» — «средний» (другие),малый объём,
49,FR,угол первым,кредиты · FR · угол «украшения в ящике»,prêt sur gage | mini prêt | petit crédit rapide,45–80,Как работает заём под залог вещи в Crédit Municipal и сколько реально дают,Des bijoux qui dorment dans un tiroir ? Voici comment fonctionne le prêt sur gage en 2026 – et combien on vous prête vraiment.,Украшения лежат в ящике? Вот как работает заём под залог в 2026 — и сколько реально дают.,видео UGC 9:16 TT,"Prêt sur gage au Crédit Municipal : montants, délais, risques",низкий,"Planner «pret sur gage» 3 600, «mini prêt» 9 900; класса нет; «mini prêt» у других — «низкий»",низкая выплата у «mini»-ключей,
50,FR,угол первым,кредиты · FR · угол «4 раза без комиссии — а потом?»,paiement en plusieurs fois | crédit renouvelable | carte de crédit,"20–40, покупают онлайн в рассрочку",Что происходит после «оплаты в 4 раза без комиссии» и когда это превращается в дорогой кредит,Payer en 4 fois « sans frais » : ce que les magasins ne vous disent pas sur la suite.,Оплата в 4 раза «без комиссии»: что магазины не говорят о последствиях.,видео UGC 9:16 TT,Paiement en plusieurs fois 2026 : vrai coût et risques,средний,"Planner «paiement en plusieurs fois» 6 600 (+22%), «crédit renouvelable» 18 100, «carte de crédit» 33 100; донор PL «…na Raty…» — «средний» (другие)",без бренда BNPL тема слабее; «sans frais» — Free-offer риск,
